,buy_duration
0,0 days 00:01:58.000000000
1,0 days 00:20:46.000000000
2,0 days 00:01:02.000000000
3,0 days 00:48:32.000000000
4,0 days 00:08:51.000000000
5,0 days 00:00:42.000000000
6,0 days 00:39:35.000000000
7,0 days 00:06:59.000000000
8,0 days 00:01:50.000000000
9,0 days 01:23:59.000000000
10,0 days 00:09:40.000000000
11,0 days 00:10:38.000000000
12,0 days 00:41:53.000000000
13,0 days 00:03:50.000000000
14,0 days 00:06:19.000000000
15,0 days 00:35:10.000000000
16,0 days 00:22:09.000000000
17,0 days 00:20:28.000000000
18,0 days 04:52:10.000000000
19,0 days 01:05:52.000000000
20,0 days 00:02:41.000000000
21,0 days 01:42:34.000000000
22,0 days 00:06:38.000000000
23,0 days 04:19:14.000000000
24,0 days 00:04:09.000000000
25,0 days 03:26:25.000000000
26,0 days 00:26:25.000000000
27,0 days 00:11:17.000000000
28,0 days 04:10:55.000000000
29,0 days 00:00:53.000000000
30,0 days 02:13:26.000000000
31,0 days 03:13:04.000000000
32,0 days 00:16:56.000000000
33,0 days 00:15:39.000000000
34,0 days 00:04:44.000000000
35,0 days 00:18:42.000000000
36,0 days 00:02:46.000000000
37,0 days 00:32:33.000000000
38,0 days 00:49:51.000000000
39,0 days 00:34:01.000000000
40,0 days 05:55:43.000000000
41,0 days 00:08:31.000000000
42,0 days 02:11:50.000000000
43,0 days 04:10:28.000000000
44,0 days 00:04:45.000000000
45,0 days 00:06:34.000000000
46,0 days 07:01:35.000000000
47,0 days 00:02:59.000000000
48,0 days 07:03:45.000000000
49,0 days 00:04:31.000000000
50,0 days 16:41:41.000000000
51,0 days 00:03:17.000000000
52,0 days 00:19:13.000000000
53,0 days 01:57:58.000000000
54,0 days 00:14:09.000000000
55,0 days 00:22:50.000000000
56,0 days 15:25:30.000000000
57,0 days 00:06:28.000000000
58,0 days 01:40:11.000000000
59,0 days 01:35:01.000000000
60,0 days 00:19:01.000000000
61,0 days 00:11:57.000000000
62,0 days 03:15:27.000000000
63,0 days 03:00:33.000000000
64,0 days 00:00:00.000000000
65,0 days 19:11:57.000000000
66,0 days 00:57:28.000000000
67,0 days 01:11:55.000000000
68,0 days 00:11:59.000000000
69,0 days 05:14:03.000000000
70,0 days 05:13:41.000000000
71,0 days 05:15:41.000000000
72,0 days 00:03:50.000000000
73,0 days 00:08:57.000000000
74,0 days 00:11:49.000000000
75,0 days 00:06:48.000000000
76,0 days 06:25:20.000000000
77,0 days 03:52:51.000000000
78,0 days 00:07:38.000000000
79,0 days 00:54:25.000000000
80,0 days 00:18:53.000000000
81,0 days 00:17:26.000000000
82,0 days 04:14:27.000000000
83,0 days 00:45:43.000000000
84,0 days 00:18:47.000000000
85,0 days 01:14:58.000000000
86,0 days 13:20:15.000000000
87,0 days 00:14:01.000000000
88,0 days 00:08:07.000000000
89,0 days 00:08:20.000000000
90,0 days 00:35:22.000000000
91,0 days 00:04:59.000000000
92,1 days 01:07:16.000000000
93,1 days 01:46:11.000000000
94,0 days 14:58:11.000000000
95,0 days 00:11:56.000000000
96,0 days 12:49:47.000000000
97,0 days 00:00:47.000000000
98,0 days 09:53:16.000000000
99,0 days 07:53:13.000000000
100,0 days 11:48:58.000000000
101,1 days 02:24:26.000000000
102,0 days 09:41:32.000000000
103,0 days 00:07:34.000000000
104,1 days 03:13:24.000000000
105,0 days 00:32:54.000000000
106,0 days 09:45:50.000000000
107,0 days 08:56:39.000000000
108,0 days 00:27:13.000000000
109,0 days 21:59:37.000000000
110,1 days 05:36:31.000000000
111,0 days 00:14:34.000000000
112,0 days 13:28:13.000000000
113,0 days 15:47:24.000000000
114,0 days 00:00:42.000000000
115,0 days 00:09:37.000000000
116,0 days 02:45:51.000000000
117,0 days 02:20:20.000000000
118,0 days 00:09:13.000000000
119,0 days 12:48:52.000000000
120,0 days 00:15:23.000000000
121,0 days 14:07:37.000000000
122,0 days 00:20:04.000000000
123,0 days 01:21:03.000000000
124,0 days 00:54:05.000000000
125,0 days 00:00:00.000000000
126,0 days 00:52:07.000000000
127,0 days 11:34:40.000000000
128,0 days 15:56:55.000000000
129,0 days 00:17:10.000000000
130,0 days 00:14:27.000000000
131,0 days 00:28:07.000000000
132,0 days 00:25:09.000000000
133,0 days 14:55:34.000000000
134,0 days 01:02:02.000000000
135,0 days 00:35:26.000000000
136,0 days 00:13:33.000000000
137,0 days 00:07:26.000000000
138,0 days 00:10:35.000000000
139,0 days 00:12:10.000000000
140,0 days 00:23:07.000000000
141,0 days 00:05:37.000000000
142,0 days 00:03:51.000000000
143,0 days 00:03:58.000000000
144,0 days 05:37:29.000000000
145,0 days 00:10:30.000000000
146,0 days 03:51:45.000000000
147,0 days 00:29:09.000000000
148,0 days 00:14:20.000000000
150,0 days 00:00:17.000000000
151,0 days 02:17:09.000000000
152,0 days 00:01:22.000000000
153,0 days 01:09:37.000000000
154,1 days 18:02:13.000000000
155,0 days 03:23:49.000000000
156,0 days 00:08:43.000000000
157,0 days 00:08:49.000000000
158,0 days 23:45:10.000000000
159,0 days 00:07:08.000000000
160,0 days 00:04:07.000000000
161,0 days 00:09:38.000000000
162,0 days 00:00:41.000000000
163,0 days 00:49:33.000000000
164,0 days 00:40:46.000000000
165,0 days 08:13:37.000000000
166,0 days 01:14:45.000000000
167,1 days 01:14:25.000000000
168,0 days 00:13:31.000000000
169,0 days 03:49:24.000000000
170,0 days 00:00:45.000000000
171,0 days 00:07:29.000000000
172,1 days 03:20:10.000000000
173,1 days 22:51:19.000000000
174,1 days 10:02:48.000000000
175,0 days 00:10:49.000000000
176,0 days 00:22:44.000000000
177,0 days 00:27:03.000000000
178,0 days 08:32:52.000000000
179,0 days 00:02:45.000000000
180,0 days 00:17:37.000000000
181,0 days 12:03:36.000000000
182,0 days 00:09:07.000000000
183,0 days 00:17:05.000000000
184,0 days 00:56:54.000000000
186,0 days 00:20:06.000000000
187,0 days 00:17:14.000000000
188,0 days 12:26:01.000000000
189,0 days 12:20:48.000000000
190,0 days 10:23:27.000000000
191,0 days 00:02:37.000000000
192,0 days 17:47:40.000000000
193,1 days 19:06:31.000000000
194,0 days 00:00:00.000000000
195,0 days 01:49:39.000000000
196,2 days 10:57:48.000000000
197,0 days 23:45:25.000000000
198,0 days 00:18:38.000000000
199,0 days 02:22:42.000000000
200,0 days 03:49:22.000000000
201,0 days 16:06:52.000000000
202,0 days 02:31:47.000000000
203,0 days 01:21:20.000000000
204,0 days 00:02:44.000000000
205,0 days 03:46:55.000000000
206,0 days 00:00:00.000000000
207,0 days 02:16:01.000000000
208,0 days 00:08:46.000000000
209,0 days 00:16:11.000000000
210,0 days 01:41:27.000000000
211,0 days 00:27:54.000000000
212,0 days 00:33:09.000000000
213,0 days 03:08:07.000000000
218,0 days 00:05:12.000000000
219,0 days 00:03:53.000000000
220,0 days 00:11:05.000000000
221,0 days 09:23:16.000000000
222,0 days 21:38:04.000000000
223,0 days 00:17:34.000000000
224,0 days 06:54:46.000000000
225,0 days 00:14:18.000000000
226,0 days 00:16:50.000000000
227,1 days 21:40:21.000000000
228,0 days 00:17:35.000000000
229,0 days 00:00:00.000000000
230,0 days 01:02:08.000000000
231,2 days 05:00:55.000000000
232,0 days 16:01:14.000000000
233,0 days 00:49:01.000000000
234,0 days 02:04:59.000000000
235,0 days 00:37:41.000000000
236,0 days 00:08:45.000000000
237,0 days 12:07:39.000000000
238,2 days 00:39:47.000000000
239,0 days 00:17:49.000000000
240,0 days 06:45:45.000000000
241,0 days 00:47:43.000000000
242,0 days 00:01:05.000000000
243,0 days 00:03:57.000000000
244,0 days 07:32:57.000000000
245,0 days 00:39:34.000000000
246,0 days 00:18:11.000000000
247,0 days 03:27:08.000000000
248,0 days 00:11:15.000000000
249,1 days 00:57:19.000000000
250,0 days 00:31:36.000000000
251,0 days 00:20:02.000000000
252,0 days 00:10:44.000000000
253,0 days 00:04:27.000000000
254,0 days 00:04:27.000000000
255,0 days 07:04:53.000000000
256,0 days 00:04:25.000000000
257,0 days 00:07:51.000000000
258,0 days 01:04:26.000000000
259,0 days 00:05:07.000000000
260,1 days 21:54:42.000000000
261,0 days 12:32:29.000000000
262,1 days 18:56:54.000000000
263,0 days 00:03:00.000000000
264,0 days 00:27:49.000000000
265,0 days 00:00:53.000000000
266,0 days 01:05:53.000000000
267,0 days 00:07:07.000000000
268,0 days 15:42:41.000000000
269,0 days 00:12:11.000000000
270,0 days 02:25:10.000000000
271,0 days 00:00:38.000000000
272,0 days 19:35:30.000000000
273,0 days 00:25:13.000000000
274,0 days 00:21:23.000000000
275,0 days 00:31:41.000000000
276,0 days 00:26:49.000000000
277,0 days 00:17:56.000000000
278,0 days 00:09:04.000000000
279,0 days 01:34:11.000000000
280,0 days 00:07:57.000000000
281,0 days 00:48:35.000000000
282,0 days 05:49:21.000000000
283,2 days 15:04:25.000000000
284,0 days 00:47:38.000000000
285,0 days 00:27:24.000000000
286,0 days 19:31:48.000000000
287,0 days 00:10:11.000000000
288,0 days 17:50:40.000000000
289,0 days 00:02:23.000000000
290,1 days 07:22:41.000000000
291,3 days 02:31:30.000000000
292,0 days 19:36:22.000000000
293,2 days 00:51:20.000000000
294,0 days 07:13:59.000000000
295,0 days 00:06:29.000000000
296,0 days 00:08:54.000000000
297,0 days 16:44:30.000000000
298,0 days 14:20:49.000000000
299,3 days 16:40:55.000000000
300,3 days 14:20:13.000000000
301,0 days 15:09:39.000000000
302,0 days 00:25:28.000000000
303,4 days 03:58:08.000000000
304,1 days 08:03:24.000000000
305,0 days 23:40:37.000000000
306,0 days 00:13:53.000000000
307,0 days 00:06:18.000000000
308,0 days 00:11:04.000000000
309,0 days 00:34:12.000000000
310,0 days 00:20:59.000000000
311,0 days 15:52:52.000000000
312,0 days 23:05:31.000000000
313,1 days 02:47:48.000000000
314,0 days 16:01:09.000000000
315,0 days 19:03:01.000000000
316,0 days 00:18:21.000000000
317,0 days 01:08:45.000000000
318,4 days 01:23:44.000000000
319,2 days 21:55:53.000000000
320,0 days 00:17:56.000000000
321,0 days 00:28:22.000000000
322,1 days 02:56:53.000000000
323,3 days 02:02:51.000000000
324,0 days 00:13:23.000000000
325,0 days 01:06:09.000000000
326,1 days 02:28:06.000000000
327,0 days 19:42:30.000000000
328,1 days 06:19:26.000000000
329,2 days 00:03:10.000000000
330,3 days 03:35:52.000000000
331,1 days 17:37:57.000000000
332,0 days 00:03:49.000000000
333,0 days 00:06:47.000000000
334,0 days 00:05:07.000000000
335,3 days 07:13:53.000000000
336,0 days 00:15:06.000000000
337,1 days 06:06:55.000000000
338,1 days 02:22:55.000000000
339,1 days 00:23:20.000000000
340,0 days 01:17:34.000000000
341,2 days 00:41:49.000000000
342,2 days 14:08:43.000000000
343,0 days 00:29:34.000000000
344,0 days 00:28:22.000000000
345,1 days 21:16:33.000000000
346,1 days 05:45:37.000000000
347,0 days 00:40:06.000000000
348,2 days 03:40:30.000000000
349,6 days 04:53:45.000000000
350,0 days 00:11:54.000000000
351,0 days 00:28:44.000000000
352,0 days 00:08:35.000000000
353,0 days 00:01:03.000000000
354,2 days 13:08:28.000000000
355,0 days 00:19:23.000000000
356,0 days 00:44:53.000000000
357,1 days 08:56:15.000000000
358,0 days 00:09:42.000000000
359,0 days 00:32:40.000000000
360,0 days 14:56:42.000000000
361,0 days 00:18:01.000000000
362,0 days 00:05:25.000000000
363,0 days 00:00:20.000000000
364,0 days 00:04:59.000000000
365,0 days 00:02:32.000000000
366,0 days 00:04:30.000000000
367,1 days 01:05:52.000000000
368,0 days 00:19:28.000000000
369,1 days 22:03:48.000000000
370,0 days 03:29:48.000000000
371,0 days 00:09:35.000000000
372,4 days 22:48:57.000000000
373,0 days 00:17:14.000000000
374,0 days 00:10:22.000000000
375,0 days 06:57:23.000000000
376,0 days 00:51:36.000000000
377,0 days 00:15:08.000000000
378,0 days 00:02:54.000000000
379,2 days 01:58:33.000000000
380,0 days 10:38:36.000000000
381,0 days 00:46:15.000000000
382,0 days 18:23:25.000000000
383,0 days 20:50:53.000000000
384,0 days 18:59:05.000000000
385,0 days 20:07:51.000000000
386,0 days 04:11:40.000000000
387,0 days 03:47:58.000000000
388,0 days 03:52:17.000000000
389,1 days 19:41:39.000000000
390,1 days 21:17:09.000000000
391,1 days 22:55:03.000000000
392,0 days 00:12:50.000000000
393,0 days 03:15:39.000000000
394,0 days 00:05:55.000000000
395,7 days 17:50:07.000000000
396,0 days 15:53:51.000000000
397,0 days 00:00:00.000000000
398,1 days 16:43:13.000000000
399,3 days 16:31:58.000000000
400,0 days 15:36:53.000000000
401,0 days 00:09:32.000000000
402,0 days 00:26:07.000000000
403,0 days 00:04:38.000000000
404,0 days 22:18:17.000000000
405,1 days 06:30:28.000000000
406,0 days 20:55:26.000000000
407,0 days 02:01:21.000000000
408,1 days 01:31:38.000000000
409,2 days 08:45:14.000000000
410,2 days 12:03:22.000000000
411,6 days 06:08:19.000000000
412,0 days 02:16:22.000000000
413,0 days 14:31:31.000000000
414,0 days 00:00:24.000000000
415,0 days 00:19:39.000000000
416,0 days 16:33:03.000000000
417,0 days 00:06:38.000000000
418,0 days 00:04:41.000000000
419,0 days 14:17:08.000000000
420,5 days 23:46:05.000000000
421,8 days 22:30:29.000000000
422,0 days 12:48:43.000000000
423,0 days 00:33:16.000000000
424,0 days 10:32:56.000000000
425,0 days 00:13:14.000000000
426,0 days 00:07:32.000000000
427,1 days 13:45:22.000000000
428,3 days 19:43:28.000000000
429,0 days 00:25:06.000000000
430,0 days 01:17:39.000000000
431,1 days 18:33:21.000000000
432,0 days 00:22:49.000000000
433,0 days 00:49:06.000000000
434,8 days 01:58:11.000000000
435,0 days 00:09:58.000000000
436,3 days 02:44:39.000000000
437,0 days 01:59:31.000000000
438,0 days 01:52:39.000000000
439,8 days 22:18:21.000000000
440,6 days 08:28:19.000000000
441,2 days 18:56:44.000000000
442,0 days 00:02:45.000000000
443,0 days 17:48:12.000000000
444,7 days 00:18:21.000000000
445,0 days 00:12:22.000000000
446,0 days 22:51:58.000000000
447,4 days 19:10:22.000000000
448,0 days 00:01:18.000000000
449,0 days 00:09:16.000000000
450,0 days 00:24:25.000000000
451,0 days 04:11:51.000000000
452,10 days 17:16:56.000000000
453,1 days 02:55:11.000000000
454,0 days 11:24:02.000000000
455,5 days 20:37:58.000000000
456,0 days 01:45:08.000000000
457,0 days 00:09:45.000000000
458,0 days 00:02:03.000000000
459,0 days 03:03:48.000000000
460,0 days 00:18:40.000000000
461,6 days 01:20:36.000000000
462,10 days 22:21:45.000000000
463,0 days 09:12:12.000000000
464,0 days 18:23:54.000000000
465,0 days 00:01:48.000000000
466,0 days 00:13:07.000000000
467,1 days 00:08:05.000000000
468,0 days 00:31:57.000000000
469,0 days 02:22:40.000000000
470,3 days 02:13:41.000000000
471,0 days 14:21:55.000000000
472,0 days 01:32:36.000000000
473,1 days 15:45:15.000000000
474,0 days 04:27:47.000000000
475,0 days 23:47:34.000000000
476,0 days 00:04:03.000000000
477,4 days 06:36:52.000000000
478,0 days 00:04:59.000000000
479,0 days 00:02:10.000000000
480,10 days 20:54:27.000000000
481,0 days 06:28:29.000000000
482,2 days 09:51:21.000000000
483,0 days 00:38:04.000000000
484,0 days 01:48:38.000000000
485,0 days 00:15:07.000000000
486,0 days 00:13:21.000000000
488,0 days 21:34:27.000000000
489,0 days 00:20:37.000000000
490,9 days 02:05:10.000000000
491,1 days 04:22:12.000000000
492,0 days 00:09:16.000000000
493,1 days 02:43:12.000000000
494,0 days 01:23:38.000000000
495,0 days 02:15:39.000000000
496,0 days 01:48:40.000000000
497,0 days 02:30:13.000000000
498,9 days 23:57:54.000000000
499,7 days 00:47:10.000000000
500,0 days 00:44:48.000000000
501,0 days 00:23:31.000000000
502,4 days 07:30:54.000000000
503,0 days 00:39:08.000000000
504,0 days 00:05:10.000000000
505,0 days 00:25:45.000000000
506,0 days 00:05:56.000000000
507,4 days 19:11:40.000000000
508,0 days 14:22:16.000000000
509,0 days 00:11:14.000000000
510,0 days 00:29:22.000000000
511,0 days 22:46:56.000000000
512,1 days 00:25:03.000000000
513,0 days 00:19:46.000000000
514,0 days 00:39:16.000000000
515,0 days 02:37:54.000000000
516,0 days 20:36:03.000000000
517,6 days 08:43:12.000000000
518,0 days 00:36:21.000000000
519,0 days 01:54:47.000000000
520,0 days 01:50:53.000000000
522,0 days 00:19:38.000000000
523,0 days 00:08:49.000000000
524,0 days 03:39:36.000000000
525,0 days 00:14:51.000000000
526,0 days 04:28:36.000000000
527,1 days 20:21:17.000000000
528,1 days 03:09:01.000000000
529,0 days 00:11:37.000000000
530,0 days 23:42:50.000000000
531,1 days 00:21:32.000000000
532,0 days 09:15:04.000000000
533,1 days 22:58:24.000000000
534,0 days 21:24:26.000000000
535,11 days 18:26:45.000000000
536,1 days 00:48:58.000000000
537,0 days 04:20:44.000000000
538,0 days 02:01:40.000000000
539,0 days 08:39:13.000000000
540,8 days 01:01:24.000000000
541,0 days 00:12:47.000000000
542,0 days 00:11:19.000000000
543,2 days 14:27:30.000000000
544,0 days 00:13:29.000000000
545,0 days 00:03:24.000000000
546,0 days 00:31:53.000000000
547,0 days 02:39:13.000000000
548,0 days 13:17:59.000000000
549,2 days 15:04:28.000000000
550,10 days 16:29:07.000000000
551,0 days 12:36:14.000000000
552,2 days 18:08:11.000000000
553,4 days 11:43:00.000000000
554,0 days 11:47:54.000000000
555,0 days 00:35:07.000000000
556,0 days 00:38:21.000000000
557,0 days 23:08:12.000000000
558,0 days 23:19:49.000000000
559,2 days 01:33:29.000000000
560,1 days 21:27:34.000000000
561,0 days 00:11:43.000000000
562,0 days 17:21:58.000000000
563,12 days 21:58:56.000000000
564,13 days 01:07:51.000000000
565,0 days 22:52:23.000000000
566,0 days 01:28:10.000000000
568,0 days 15:39:01.000000000
569,0 days 00:09:12.000000000
570,0 days 00:17:21.000000000
571,0 days 01:38:45.000000000
572,1 days 14:59:52.000000000
573,0 days 02:00:08.000000000
574,0 days 01:01:04.000000000
575,0 days 00:13:08.000000000
576,5 days 17:08:40.000000000
577,6 days 17:24:03.000000000
578,2 days 04:40:02.000000000
579,0 days 00:31:51.000000000
580,0 days 21:26:46.000000000
581,0 days 00:12:21.000000000
582,1 days 03:41:47.000000000
583,0 days 00:08:57.000000000
584,8 days 00:35:43.000000000
585,0 days 19:34:16.000000000
586,0 days 00:01:15.000000000
587,0 days 00:28:14.000000000
588,0 days 00:18:49.000000000
589,0 days 00:07:17.000000000
590,0 days 00:11:17.000000000
591,0 days 00:06:13.000000000
592,0 days 00:32:01.000000000
593,0 days 08:21:07.000000000
594,3 days 22:40:40.000000000
595,0 days 00:40:33.000000000
596,3 days 10:57:07.000000000
597,0 days 08:49:38.000000000
598,2 days 12:06:45.000000000
599,0 days 06:31:28.000000000
600,0 days 00:04:55.000000000
601,0 days 04:17:43.000000000
602,2 days 19:04:09.000000000
603,1 days 23:04:26.000000000
604,1 days 00:06:38.000000000
605,0 days 00:15:25.000000000
606,0 days 03:31:29.000000000
607,0 days 00:17:35.000000000
608,0 days 01:05:10.000000000
609,0 days 00:24:03.000000000
610,1 days 13:43:37.000000000
611,0 days 06:45:39.000000000
612,13 days 10:03:16.000000000
613,2 days 09:25:51.000000000
614,13 days 09:44:11.000000000
615,0 days 11:28:45.000000000
616,13 days 00:53:38.000000000
617,0 days 00:18:08.000000000
618,0 days 00:11:14.000000000
619,4 days 01:21:37.000000000
620,0 days 00:02:06.000000000
621,0 days 18:20:37.000000000
622,0 days 00:02:23.000000000
623,0 days 00:11:03.000000000
624,0 days 00:04:06.000000000
625,0 days 00:50:33.000000000
626,5 days 20:18:19.000000000
627,0 days 01:19:10.000000000
628,5 days 01:57:09.000000000
629,0 days 19:59:52.000000000
630,0 days 02:37:54.000000000
631,0 days 00:06:59.000000000
632,0 days 14:16:21.000000000
633,0 days 01:47:14.000000000
634,0 days 00:03:53.000000000
635,0 days 18:12:53.000000000
636,0 days 01:00:40.000000000
637,0 days 01:03:09.000000000
638,0 days 16:14:29.000000000
639,4 days 04:21:47.000000000
640,1 days 22:37:11.000000000
641,0 days 00:51:26.000000000
642,0 days 00:06:23.000000000
643,0 days 00:24:36.000000000
644,0 days 00:19:03.000000000
645,0 days 01:51:45.000000000
646,0 days 08:11:17.000000000
647,11 days 22:13:20.000000000
648,0 days 04:51:03.000000000
649,0 days 00:05:35.000000000
650,1 days 04:41:34.000000000
651,1 days 05:25:53.000000000
652,12 days 08:28:25.000000000
653,0 days 07:22:28.000000000
654,1 days 08:13:02.000000000
655,0 days 19:17:59.000000000
656,0 days 09:43:48.000000000
657,2 days 07:12:08.000000000
658,0 days 01:27:25.000000000
659,1 days 21:55:10.000000000
660,0 days 20:22:47.000000000
661,0 days 00:13:13.000000000
662,7 days 06:13:13.000000000
663,12 days 23:07:42.000000000
664,14 days 09:39:14.000000000
665,9 days 09:41:34.000000000
666,0 days 02:45:27.000000000
667,0 days 01:07:55.000000000
668,0 days 03:03:00.000000000
669,0 days 07:06:00.000000000
670,0 days 00:10:15.000000000
671,0 days 00:21:07.000000000
672,0 days 09:28:36.000000000
673,0 days 13:20:51.000000000
674,0 days 01:21:46.000000000
675,0 days 00:04:20.000000000
676,0 days 22:24:32.000000000
677,0 days 11:20:31.000000000
678,0 days 19:07:50.000000000
679,0 days 11:02:02.000000000
680,1 days 22:51:20.000000000
681,0 days 00:05:48.000000000
682,0 days 00:10:32.000000000
683,14 days 13:28:58.000000000
684,0 days 00:12:37.000000000
685,0 days 00:51:41.000000000
686,1 days 15:39:41.000000000
687,3 days 16:59:54.000000000
688,0 days 00:26:26.000000000
689,0 days 00:25:24.000000000
690,7 days 09:07:06.000000000
691,0 days 00:09:31.000000000
692,0 days 00:49:50.000000000
693,0 days 00:18:28.000000000
694,2 days 16:35:59.000000000
695,0 days 00:00:14.000000000
696,0 days 20:53:35.000000000
697,0 days 22:44:44.000000000
698,0 days 00:55:44.000000000
699,0 days 02:05:29.000000000
700,0 days 16:35:40.000000000
701,0 days 04:27:47.000000000
702,0 days 00:28:10.000000000
703,0 days 21:41:10.000000000
704,1 days 00:07:42.000000000
705,2 days 19:35:57.000000000
706,0 days 00:04:32.000000000
707,1 days 22:42:50.000000000
708,1 days 00:25:02.000000000
709,0 days 00:15:19.000000000
710,13 days 14:52:29.000000000
711,0 days 00:44:56.000000000
712,0 days 00:05:08.000000000
713,0 days 16:14:59.000000000
714,0 days 00:26:44.000000000
715,0 days 00:02:27.000000000
716,0 days 16:23:31.000000000
717,10 days 19:35:22.000000000
718,0 days 01:36:43.000000000
719,0 days 00:03:05.000000000
720,0 days 00:04:11.000000000
721,7 days 16:03:31.000000000
722,0 days 17:00:15.000000000
723,0 days 04:21:36.000000000
724,0 days 23:35:27.000000000
725,9 days 22:54:57.000000000
726,0 days 06:48:42.000000000
727,0 days 00:02:39.000000000
728,12 days 22:18:49.000000000
729,2 days 08:06:12.000000000
730,12 days 00:36:51.000000000
731,13 days 19:28:53.000000000
732,0 days 00:26:05.000000000
733,0 days 01:07:09.000000000
734,0 days 01:23:31.000000000
735,0 days 23:11:39.000000000
736,0 days 00:14:20.000000000
737,0 days 04:45:21.000000000
738,12 days 02:32:09.000000000
739,3 days 03:57:04.000000000
740,0 days 02:21:59.000000000
741,0 days 00:04:58.000000000
742,5 days 07:01:48.000000000
743,0 days 00:31:04.000000000
744,0 days 00:05:20.000000000
745,4 days 05:50:28.000000000
746,0 days 00:42:59.000000000
747,0 days 00:22:18.000000000
748,0 days 00:31:02.000000000
749,14 days 22:22:54.000000000
750,0 days 00:12:08.000000000
751,2 days 22:33:51.000000000
752,4 days 00:08:04.000000000
753,3 days 02:50:18.000000000
754,1 days 02:19:38.000000000
755,0 days 11:23:07.000000000
756,0 days 00:04:33.000000000
757,0 days 00:44:00.000000000
758,0 days 06:35:34.000000000
759,2 days 00:44:53.000000000
760,1 days 01:22:43.000000000
761,0 days 00:39:50.000000000
762,0 days 06:58:38.000000000
763,4 days 11:28:56.000000000
764,0 days 00:39:50.000000000
765,1 days 00:52:36.000000000
766,1 days 00:11:02.000000000
767,0 days 02:34:41.000000000
768,0 days 23:57:56.000000000
769,0 days 00:41:59.000000000
770,0 days 00:13:11.000000000
771,0 days 01:30:21.000000000
772,0 days 01:45:56.000000000
773,0 days 08:42:39.000000000
774,14 days 10:35:48.000000000
775,0 days 00:31:11.000000000
776,0 days 01:16:47.000000000
777,0 days 00:26:09.000000000
778,1 days 11:50:19.000000000
779,5 days 19:21:37.000000000
780,3 days 13:54:12.000000000
781,1 days 08:18:03.000000000
782,1 days 10:32:18.000000000
783,0 days 22:15:38.000000000
784,9 days 17:05:10.000000000
785,0 days 15:19:25.000000000
786,0 days 22:46:35.000000000
787,4 days 01:46:54.000000000
788,0 days 01:10:01.000000000
789,4 days 16:15:08.000000000
790,13 days 14:04:22.000000000
791,0 days 00:32:32.000000000
792,0 days 11:54:36.000000000
793,0 days 00:05:21.000000000
794,0 days 00:08:12.000000000
795,1 days 23:25:09.000000000
796,0 days 18:07:02.000000000
797,0 days 00:25:06.000000000
798,0 days 00:01:54.000000000
799,0 days 00:25:32.000000000
800,0 days 00:17:27.000000000
801,1 days 03:34:25.000000000
802,2 days 15:13:33.000000000
803,0 days 02:10:31.000000000
804,9 days 21:14:52.000000000
805,16 days 03:54:46.000000000
806,0 days 00:04:10.000000000
807,0 days 14:53:56.000000000
808,2 days 03:36:19.000000000
809,0 days 00:09:12.000000000
810,1 days 00:06:08.000000000
811,15 days 19:32:28.000000000
812,6 days 02:20:31.000000000
813,1 days 02:19:25.000000000
814,1 days 02:03:14.000000000
815,0 days 00:03:57.000000000
816,3 days 06:15:26.000000000
817,14 days 23:50:51.000000000
818,0 days 00:02:04.000000000
819,0 days 15:36:26.000000000
820,4 days 18:04:56.000000000
821,0 days 03:50:23.000000000
822,0 days 00:07:10.000000000
823,0 days 16:14:41.000000000
824,0 days 00:17:58.000000000
826,0 days 00:02:22.000000000
827,0 days 00:22:41.000000000
828,2 days 01:04:41.000000000
829,1 days 06:02:32.000000000
830,0 days 23:50:33.000000000
831,3 days 08:36:31.000000000
832,1 days 13:39:50.000000000
833,0 days 00:09:51.000000000
834,0 days 07:10:04.000000000
835,0 days 00:14:18.000000000
836,0 days 09:15:51.000000000
837,0 days 00:57:12.000000000
838,0 days 00:10:25.000000000
839,4 days 20:40:26.000000000
840,7 days 08:28:05.000000000
841,0 days 00:07:40.000000000
842,0 days 09:25:28.000000000
843,6 days 01:39:50.000000000
844,0 days 00:50:08.000000000
845,0 days 00:09:09.000000000
846,1 days 07:07:04.000000000
847,0 days 11:13:02.000000000
848,0 days 00:11:15.000000000
849,0 days 00:41:32.000000000
850,0 days 00:15:33.000000000
851,0 days 00:00:00.000000000
852,0 days 00:00:00.000000000
853,9 days 22:50:36.000000000
854,0 days 08:29:21.000000000
855,0 days 05:58:16.000000000
856,0 days 00:00:46.000000000
857,0 days 00:37:13.000000000
858,0 days 07:25:02.000000000
859,3 days 00:36:11.000000000
860,0 days 05:59:28.000000000
861,4 days 22:21:14.000000000
862,2 days 00:28:42.000000000
863,3 days 03:59:24.000000000
864,0 days 20:32:36.000000000
865,1 days 23:44:22.000000000
866,12 days 06:43:14.000000000
867,0 days 01:08:59.000000000
868,0 days 00:03:10.000000000
869,0 days 00:19:22.000000000
870,0 days 00:24:08.000000000
871,1 days 09:11:05.000000000
872,0 days 00:27:51.000000000
873,0 days 00:24:19.000000000
874,0 days 00:38:27.000000000
875,2 days 00:44:45.000000000
876,15 days 00:29:47.000000000
877,0 days 00:46:54.000000000
878,0 days 00:32:39.000000000
879,0 days 02:00:16.000000000
880,0 days 10:37:05.000000000
881,0 days 00:10:45.000000000
882,0 days 23:45:14.000000000
883,3 days 10:02:08.000000000
884,0 days 10:40:01.000000000
885,0 days 00:09:07.000000000
886,0 days 18:35:02.000000000
887,2 days 10:34:19.000000000
888,3 days 00:29:22.000000000
889,0 days 00:17:25.000000000
890,0 days 10:50:11.000000000
891,0 days 00:05:25.000000000
892,2 days 01:11:19.000000000
893,0 days 00:13:14.000000000
894,2 days 21:51:53.000000000
895,7 days 11:11:29.000000000
896,1 days 18:01:30.000000000
897,2 days 18:41:50.000000000
898,1 days 10:31:54.000000000
899,16 days 21:19:18.000000000
900,6 days 23:23:04.000000000
901,0 days 21:21:32.000000000
902,0 days 00:24:41.000000000
903,1 days 17:25:24.000000000
904,0 days 00:10:50.000000000
905,0 days 00:01:14.000000000
906,1 days 16:49:59.000000000
907,0 days 01:05:14.000000000
908,0 days 00:38:18.000000000
909,0 days 00:42:49.000000000
910,2 days 17:29:51.000000000
911,0 days 03:21:57.000000000
912,0 days 00:08:59.000000000
913,12 days 20:56:28.000000000
914,3 days 00:47:27.000000000
915,0 days 17:03:19.000000000
916,0 days 00:07:07.000000000
917,0 days 02:58:08.000000000
918,5 days 15:45:05.000000000
919,0 days 00:04:48.000000000
920,3 days 20:07:13.000000000
921,7 days 23:39:25.000000000
922,2 days 03:29:42.000000000
923,0 days 01:38:27.000000000
924,0 days 04:58:54.000000000
925,1 days 18:08:19.000000000
926,6 days 02:56:44.000000000
927,15 days 01:24:49.000000000
928,0 days 00:07:39.000000000
929,0 days 00:07:39.000000000
930,0 days 01:13:28.000000000
931,1 days 02:32:26.000000000
932,0 days 00:05:57.000000000
933,0 days 19:03:20.000000000
934,0 days 00:25:08.000000000
935,0 days 00:10:11.000000000
936,4 days 05:50:30.000000000
937,0 days 00:12:57.000000000
938,4 days 04:18:54.000000000
939,0 days 00:49:56.000000000
940,0 days 00:09:55.000000000
941,0 days 01:12:01.000000000
942,0 days 00:32:47.000000000
943,13 days 15:39:00.000000000
944,0 days 06:56:48.000000000
945,0 days 04:57:23.000000000
946,13 days 05:24:59.000000000
947,3 days 02:18:24.000000000
948,1 days 08:28:07.000000000
949,0 days 03:34:58.000000000
950,0 days 04:52:45.000000000
951,5 days 10:49:42.000000000
952,0 days 00:06:38.000000000
953,2 days 22:15:53.000000000
954,0 days 00:38:54.000000000
955,0 days 00:01:44.000000000
956,0 days 07:25:44.000000000
957,0 days 07:26:30.000000000
958,0 days 00:27:32.000000000
959,0 days 00:09:49.000000000
960,0 days 07:59:20.000000000
961,2 days 09:41:01.000000000
962,5 days 04:59:28.000000000
963,3 days 00:24:52.000000000
964,16 days 20:50:35.000000000
965,0 days 00:17:35.000000000
966,0 days 06:13:43.000000000
967,0 days 07:10:28.000000000
968,0 days 02:48:35.000000000
969,0 days 02:52:15.000000000
970,0 days 12:43:46.000000000
971,2 days 02:46:51.000000000
972,0 days 04:12:18.000000000
973,0 days 09:31:08.000000000
974,1 days 14:47:36.000000000
975,1 days 04:53:00.000000000
976,4 days 23:34:59.000000000
977,13 days 16:15:27.000000000
978,0 days 00:23:02.000000000
979,0 days 15:42:48.000000000
980,1 days 15:28:02.000000000
981,0 days 11:22:46.000000000
982,0 days 15:43:57.000000000
983,0 days 20:27:15.000000000
984,0 days 22:44:29.000000000
985,0 days 00:48:00.000000000
986,0 days 18:52:18.000000000
987,0 days 00:01:16.000000000
988,0 days 01:11:26.000000000
989,0 days 21:32:37.000000000
990,0 days 00:16:08.000000000
991,0 days 00:22:39.000000000
992,17 days 01:45:17.000000000
993,0 days 00:00:30.000000000
994,0 days 19:04:35.000000000
995,3 days 02:25:53.000000000
996,1 days 23:02:58.000000000
997,1 days 03:10:40.000000000
998,15 days 02:50:21.000000000
999,4 days 23:53:15.000000000
1000,3 days 15:20:34.000000000
1001,0 days 00:04:18.000000000
1002,0 days 20:53:14.000000000
1003,0 days 00:40:09.000000000
1004,6 days 15:23:21.000000000
1005,1 days 03:16:09.000000000
1006,0 days 02:39:43.000000000
1007,0 days 02:32:07.000000000
1008,0 days 00:15:37.000000000
1009,0 days 22:04:35.000000000
1010,2 days 22:34:41.000000000
1011,4 days 21:38:25.000000000
1012,0 days 00:07:26.000000000
1013,17 days 06:31:14.000000000
1014,0 days 00:00:16.000000000
1015,4 days 01:00:47.000000000
1016,4 days 00:03:56.000000000
1017,0 days 19:49:35.000000000
1018,11 days 22:19:46.000000000
1019,0 days 04:12:31.000000000
1020,5 days 08:39:53.000000000
1021,5 days 06:08:14.000000000
1022,6 days 20:56:44.000000000
1023,1 days 19:45:49.000000000
1024,16 days 06:13:30.000000000
1025,8 days 00:43:55.000000000
1026,0 days 00:39:06.000000000
1027,0 days 08:30:17.000000000
1028,2 days 18:34:11.000000000
1029,0 days 01:23:58.000000000
1030,8 days 22:55:56.000000000
1031,0 days 00:22:26.000000000
1032,0 days 00:24:30.000000000
1033,0 days 00:24:06.000000000
1034,0 days 06:22:33.000000000
1035,7 days 00:10:34.000000000
1036,0 days 00:19:22.000000000
1037,15 days 10:42:36.000000000
1038,3 days 21:40:48.000000000
1039,0 days 00:01:43.000000000
1040,0 days 00:14:25.000000000
1041,0 days 00:57:16.000000000
1042,0 days 00:43:29.000000000
1043,0 days 01:26:06.000000000
1045,0 days 01:06:48.000000000
1046,1 days 08:18:49.000000000
1047,0 days 00:33:49.000000000
1048,0 days 03:18:32.000000000
1049,0 days 00:17:13.000000000
1050,0 days 02:18:12.000000000
1051,0 days 00:19:00.000000000
1052,1 days 05:33:09.000000000
1053,0 days 10:35:15.000000000
1054,0 days 00:39:57.000000000
1055,0 days 01:47:01.000000000
1056,0 days 02:52:30.000000000
1057,0 days 00:04:44.000000000
1058,0 days 13:03:50.000000000
1059,1 days 12:19:25.000000000
1060,0 days 00:32:04.000000000
1061,0 days 00:02:46.000000000
1062,0 days 13:55:32.000000000
1063,0 days 00:03:36.000000000
1064,0 days 00:05:23.000000000
1065,0 days 00:01:21.000000000
1066,0 days 00:38:54.000000000
1067,6 days 20:07:59.000000000
1068,0 days 13:40:53.000000000
1069,4 days 17:38:45.000000000
1070,4 days 20:35:23.000000000
1071,0 days 00:04:58.000000000
1072,6 days 21:42:32.000000000
1073,0 days 00:04:22.000000000
1074,8 days 09:58:23.000000000
1075,14 days 11:06:59.000000000
1076,0 days 00:35:11.000000000
1077,4 days 10:46:16.000000000
1078,0 days 17:24:01.000000000
1079,1 days 13:48:34.000000000
1080,1 days 01:30:54.000000000
1081,7 days 12:45:54.000000000
1082,0 days 00:02:56.000000000
1083,2 days 21:21:56.000000000
1084,2 days 22:57:08.000000000
1085,0 days 02:42:52.000000000
1086,0 days 20:03:26.000000000
1087,0 days 19:25:23.000000000
1088,16 days 01:59:52.000000000
1089,0 days 00:51:27.000000000
1091,0 days 04:32:26.000000000
1092,0 days 00:45:56.000000000
1093,3 days 19:54:40.000000000
1094,1 days 15:18:18.000000000
1095,0 days 10:58:57.000000000
1096,0 days 04:32:51.000000000
1097,0 days 00:53:09.000000000
1098,0 days 00:41:29.000000000
1099,3 days 18:57:22.000000000
1100,0 days 06:45:40.000000000
1101,2 days 00:02:25.000000000
1102,8 days 07:22:45.000000000
1103,0 days 23:22:40.000000000
1104,6 days 02:16:30.000000000
1105,6 days 05:50:40.000000000
1106,0 days 02:26:28.000000000
1107,0 days 00:10:06.000000000
1108,0 days 05:27:30.000000000
1109,1 days 07:42:38.000000000
1110,6 days 05:27:19.000000000
1111,0 days 00:12:05.000000000
1112,12 days 15:49:31.000000000
1113,0 days 00:17:52.000000000
1114,0 days 00:49:12.000000000
1115,0 days 00:14:11.000000000
1116,0 days 00:25:05.000000000
1117,0 days 00:46:32.000000000
1118,17 days 21:38:01.000000000
1119,0 days 00:24:54.000000000
1120,4 days 09:29:43.000000000
1121,18 days 00:52:41.000000000
1122,14 days 07:18:15.000000000
1123,0 days 04:14:18.000000000
1124,0 days 02:05:17.000000000
1125,15 days 03:50:18.000000000
1126,0 days 01:09:17.000000000
1127,0 days 00:51:03.000000000
1128,7 days 06:08:09.000000000
1129,0 days 02:00:43.000000000
1130,0 days 04:14:21.000000000
1131,0 days 01:27:34.000000000
1132,0 days 01:20:46.000000000
1133,0 days 01:20:51.000000000
1134,4 days 11:03:01.000000000
1135,0 days 00:13:00.000000000
1136,0 days 00:05:27.000000000
1137,0 days 00:06:58.000000000
1138,0 days 00:29:47.000000000
1139,3 days 23:24:17.000000000
1140,0 days 00:14:37.000000000
1141,1 days 01:17:13.000000000
1142,5 days 23:44:55.000000000
1143,1 days 20:24:22.000000000
1144,0 days 17:44:43.000000000
1145,1 days 17:37:12.000000000
1146,0 days 00:16:40.000000000
1147,0 days 10:17:39.000000000
1148,0 days 17:09:20.000000000
1149,8 days 13:03:11.000000000
1150,0 days 00:30:56.000000000
1151,0 days 00:04:10.000000000
1152,0 days 13:55:18.000000000
1153,5 days 14:51:30.000000000
1154,0 days 01:32:03.000000000
1155,0 days 02:04:19.000000000
1156,9 days 02:03:15.000000000
1157,0 days 00:09:52.000000000
1158,14 days 19:47:16.000000000
1159,9 days 13:57:55.000000000
1160,1 days 03:53:42.000000000
1161,0 days 00:29:31.000000000
1162,0 days 00:14:48.000000000
1163,2 days 22:34:22.000000000
1164,3 days 06:24:29.000000000
1165,0 days 01:55:46.000000000
1166,0 days 00:04:40.000000000
1167,0 days 00:07:59.000000000
1168,0 days 00:16:15.000000000
1169,0 days 00:07:25.000000000
1170,0 days 00:00:41.000000000
1171,0 days 00:17:15.000000000
1172,0 days 00:01:05.000000000
1173,0 days 00:02:07.000000000
1174,0 days 00:01:01.000000000
1175,0 days 03:05:55.000000000
1176,0 days 00:56:47.000000000
1177,0 days 00:23:03.000000000
1178,2 days 18:25:38.000000000
1179,0 days 01:32:49.000000000
1180,0 days 00:04:31.000000000
1181,5 days 21:54:58.000000000
1182,6 days 20:15:03.000000000
1183,0 days 00:11:22.000000000
1184,0 days 18:44:18.000000000
1185,0 days 00:45:51.000000000
1186,8 days 18:41:55.000000000
1187,1 days 02:11:14.000000000
1188,1 days 03:37:26.000000000
1189,0 days 00:37:19.000000000
1190,0 days 00:03:31.000000000
1191,0 days 00:17:54.000000000
1192,0 days 00:02:29.000000000
1193,0 days 00:00:53.000000000
1194,2 days 22:56:08.000000000
1195,1 days 03:59:43.000000000
1196,7 days 22:05:59.000000000
1197,0 days 00:07:41.000000000
1198,15 days 07:17:44.000000000
1199,1 days 05:10:34.000000000
1200,0 days 00:29:30.000000000
1201,0 days 00:53:59.000000000
1202,1 days 08:25:23.000000000
1203,2 days 01:16:44.000000000
1204,0 days 04:05:09.000000000
1205,0 days 01:04:50.000000000
1206,0 days 00:24:53.000000000
1207,0 days 00:01:17.000000000
1208,0 days 00:10:01.000000000
1209,0 days 00:17:44.000000000
1210,0 days 01:03:03.000000000
1211,1 days 21:42:55.000000000
1212,18 days 11:08:11.000000000
1213,0 days 00:27:09.000000000
1214,6 days 01:09:39.000000000
1215,3 days 07:28:19.000000000
1216,1 days 20:21:06.000000000
1217,0 days 00:01:04.000000000
1218,0 days 08:21:54.000000000
1219,0 days 00:08:07.000000000
1220,0 days 07:59:48.000000000
1221,2 days 08:43:31.000000000
1222,4 days 14:53:00.000000000
1223,12 days 10:43:55.000000000
1224,10 days 11:26:16.000000000
1225,0 days 00:08:40.000000000
1226,1 days 20:32:06.000000000
1227,0 days 16:56:44.000000000
1228,6 days 08:08:24.000000000
1229,0 days 10:05:56.000000000
1230,0 days 00:06:53.000000000
1231,20 days 23:38:03.000000000
1232,2 days 16:35:23.000000000
1233,5 days 00:21:36.000000000
1234,0 days 10:33:58.000000000
1235,7 days 14:21:43.000000000
1236,0 days 00:08:59.000000000
1237,18 days 10:47:12.000000000
1238,0 days 12:14:59.000000000
1239,0 days 00:01:58.000000000
1240,2 days 12:24:28.000000000
1241,3 days 23:44:49.000000000
1242,0 days 16:24:33.000000000
1243,3 days 01:12:59.000000000
1244,0 days 00:59:44.000000000
1245,0 days 00:00:12.000000000
1246,0 days 00:10:27.000000000
1247,7 days 14:06:26.000000000
1248,2 days 17:40:47.000000000
1249,2 days 19:10:04.000000000
1250,0 days 00:27:22.000000000
1251,3 days 19:34:53.000000000
1252,0 days 12:46:30.000000000
1253,0 days 00:19:59.000000000
1254,6 days 14:39:32.000000000
1255,3 days 00:50:01.000000000
1256,0 days 00:36:21.000000000
1257,0 days 14:02:38.000000000
1258,0 days 13:22:36.000000000
1259,14 days 20:28:19.000000000
1260,0 days 23:20:25.000000000
1261,7 days 22:01:17.000000000
1262,0 days 14:14:05.000000000
1263,0 days 00:06:28.000000000
1264,0 days 00:27:44.000000000
1265,20 days 00:25:45.000000000
1266,1 days 01:52:25.000000000
1267,0 days 15:15:16.000000000
1268,0 days 00:39:57.000000000
1269,0 days 23:30:34.000000000
1270,20 days 02:42:36.000000000
1271,4 days 21:32:25.000000000
1272,0 days 00:46:54.000000000
1273,18 days 22:42:11.000000000
1274,3 days 00:43:43.000000000
1275,0 days 00:43:04.000000000
1276,0 days 15:25:50.000000000
1277,1 days 21:54:29.000000000
1278,0 days 14:39:00.000000000
1279,1 days 18:17:47.000000000
1280,7 days 23:52:20.000000000
1281,6 days 00:20:25.000000000
1282,0 days 01:09:59.000000000
1283,7 days 21:02:22.000000000
1284,4 days 14:52:08.000000000
1285,0 days 19:49:24.000000000
1286,0 days 00:02:39.000000000
1287,0 days 00:11:42.000000000
1288,0 days 00:26:18.000000000
1289,0 days 03:05:53.000000000
1290,0 days 00:02:15.000000000
1291,0 days 23:27:41.000000000
1292,11 days 12:54:25.000000000
1293,20 days 15:17:34.000000000
1294,0 days 03:38:54.000000000
1295,0 days 04:47:44.000000000
1296,0 days 15:48:23.000000000
1297,10 days 19:00:34.000000000
1298,0 days 01:52:32.000000000
1299,2 days 17:19:32.000000000
1300,0 days 00:08:30.000000000
1301,0 days 01:04:34.000000000
1302,7 days 09:04:24.000000000
1303,4 days 19:16:18.000000000
1304,0 days 02:56:16.000000000
1305,3 days 03:29:09.000000000
1306,0 days 00:53:12.000000000
1307,19 days 01:03:11.000000000
1308,7 days 22:14:12.000000000
1309,0 days 23:31:27.000000000
1310,6 days 20:11:16.000000000
1311,0 days 03:34:58.000000000
1312,20 days 03:52:32.000000000
1314,0 days 00:08:50.000000000
1315,0 days 02:14:45.000000000
1316,0 days 00:18:23.000000000
1317,0 days 01:56:04.000000000
1318,0 days 01:49:34.000000000
1319,4 days 06:19:52.000000000
1320,3 days 22:12:42.000000000
1321,0 days 00:07:22.000000000
1322,0 days 00:03:53.000000000
1323,7 days 12:13:24.000000000
1324,0 days 00:05:38.000000000
1325,0 days 00:23:09.000000000
1326,0 days 10:59:13.000000000
1327,21 days 08:53:50.000000000
1328,0 days 00:17:06.000000000
1329,0 days 00:53:41.000000000
1330,0 days 00:03:06.000000000
1331,8 days 00:46:29.000000000
1332,1 days 13:20:54.000000000
1333,3 days 22:34:27.000000000
1334,0 days 01:40:16.000000000
1335,5 days 01:48:07.000000000
1336,1 days 00:05:27.000000000
1337,0 days 00:02:18.000000000
1338,0 days 09:27:01.000000000
1339,7 days 01:14:34.000000000
1340,0 days 00:10:58.000000000
1341,0 days 00:13:42.000000000
1342,0 days 01:02:16.000000000
1343,6 days 07:46:38.000000000
1344,0 days 00:38:35.000000000
1345,1 days 00:34:27.000000000
1346,3 days 23:12:47.000000000
1347,0 days 00:11:00.000000000
1348,18 days 00:56:18.000000000
1349,3 days 00:35:05.000000000
1350,1 days 06:30:11.000000000
1351,0 days 00:03:17.000000000
1352,0 days 00:35:55.000000000
1353,0 days 01:01:21.000000000
1354,6 days 08:16:47.000000000
1355,0 days 00:00:42.000000000
1356,5 days 06:46:50.000000000
1357,0 days 00:04:48.000000000
1358,8 days 10:41:26.000000000
1359,0 days 00:37:37.000000000
1360,0 days 12:09:31.000000000
1361,0 days 12:10:32.000000000
1362,0 days 07:29:34.000000000
1363,1 days 11:49:44.000000000
1364,4 days 06:48:54.000000000
1365,0 days 09:12:40.000000000
1366,0 days 00:09:17.000000000
1367,0 days 09:44:22.000000000
1368,0 days 10:43:38.000000000
1369,8 days 21:32:59.000000000
1370,2 days 22:28:37.000000000
1371,2 days 19:55:15.000000000
1372,0 days 17:00:51.000000000
1373,0 days 00:03:13.000000000
1374,0 days 00:31:34.000000000
1375,3 days 16:31:54.000000000
1376,2 days 16:05:57.000000000
1377,0 days 22:23:32.000000000
1378,0 days 00:19:01.000000000
1379,0 days 10:49:31.000000000
1380,7 days 11:27:30.000000000
1381,2 days 23:45:11.000000000
1382,0 days 12:15:04.000000000
1383,0 days 03:33:21.000000000
1384,0 days 00:38:46.000000000
1385,0 days 00:09:16.000000000
1386,0 days 15:55:19.000000000
1387,0 days 02:06:04.000000000
1388,0 days 22:36:47.000000000
1389,0 days 01:19:12.000000000
1390,0 days 00:15:49.000000000
1391,0 days 00:14:49.000000000
1392,0 days 01:58:58.000000000
1393,0 days 19:03:56.000000000
1394,0 days 21:45:16.000000000
1395,10 days 18:44:42.000000000
1396,0 days 04:52:45.000000000
1397,1 days 16:54:44.000000000
1398,0 days 00:27:17.000000000
1399,6 days 22:17:16.000000000
1400,0 days 00:10:22.000000000
1401,2 days 05:34:37.000000000
1402,0 days 00:36:03.000000000
1403,5 days 01:21:48.000000000
1404,8 days 00:31:47.000000000
1405,0 days 17:47:44.000000000
1406,0 days 00:07:45.000000000
1407,0 days 00:18:44.000000000
1408,0 days 22:38:24.000000000
1409,0 days 00:04:03.000000000
1410,3 days 01:53:08.000000000
1411,7 days 08:13:18.000000000
1412,0 days 01:22:40.000000000
1413,0 days 00:11:01.000000000
1414,5 days 01:03:16.000000000
1415,1 days 01:15:26.000000000
1416,4 days 01:04:15.000000000
1417,0 days 00:12:48.000000000
1418,0 days 21:42:29.000000000
1419,1 days 02:38:26.000000000
1420,0 days 00:22:28.000000000
1421,0 days 00:02:34.000000000
1422,0 days 00:15:23.000000000
1423,0 days 00:06:35.000000000
1424,0 days 00:11:15.000000000
1425,0 days 02:16:57.000000000
1426,1 days 03:10:40.000000000
1427,1 days 23:09:11.000000000
1428,1 days 21:25:21.000000000
1429,0 days 00:27:04.000000000
1430,10 days 06:32:48.000000000
1431,0 days 00:08:56.000000000
1432,1 days 00:41:09.000000000
1433,2 days 04:34:47.000000000
1434,0 days 09:41:16.000000000
1435,0 days 09:43:46.000000000
1436,0 days 00:59:15.000000000
1437,0 days 00:35:25.000000000
1439,0 days 23:25:27.000000000
1440,1 days 13:30:51.000000000
1441,0 days 12:35:41.000000000
1442,10 days 12:23:26.000000000
1443,7 days 11:43:14.000000000
1444,0 days 00:27:24.000000000
1445,0 days 00:06:48.000000000
1446,0 days 00:02:11.000000000
1447,10 days 16:53:53.000000000
1448,0 days 11:47:05.000000000
1449,0 days 10:50:29.000000000
1450,22 days 17:53:20.000000000
1451,0 days 14:08:53.000000000
1452,0 days 01:54:57.000000000
1453,0 days 12:10:27.000000000
1454,18 days 23:37:21.000000000
1455,0 days 00:09:33.000000000
1456,14 days 13:24:55.000000000
1457,0 days 19:05:38.000000000
1458,0 days 00:04:10.000000000
1459,2 days 16:47:58.000000000
1460,0 days 00:22:51.000000000
1461,0 days 00:30:45.000000000
1462,0 days 23:06:01.000000000
1463,0 days 09:59:36.000000000
1464,0 days 00:07:18.000000000
1465,1 days 00:20:01.000000000
1466,1 days 01:02:58.000000000
1467,1 days 03:57:19.000000000
1468,3 days 19:34:49.000000000
1469,0 days 00:03:21.000000000
1470,3 days 22:36:04.000000000
1471,17 days 00:52:52.000000000
1472,0 days 00:00:18.000000000
1473,1 days 06:44:39.000000000
1474,20 days 23:02:01.000000000
1475,3 days 20:13:13.000000000
1476,0 days 00:26:18.000000000
1477,3 days 01:51:45.000000000
1478,0 days 01:44:49.000000000
1479,0 days 00:12:04.000000000
1480,0 days 00:35:44.000000000
1481,0 days 00:09:54.000000000
1482,0 days 00:04:45.000000000
1483,0 days 11:42:24.000000000
1484,0 days 06:14:41.000000000
1485,17 days 23:24:50.000000000
1486,1 days 00:35:20.000000000
1487,0 days 00:58:44.000000000
1488,2 days 09:54:28.000000000
1489,1 days 23:01:03.000000000
1490,19 days 06:54:24.000000000
1491,0 days 00:53:28.000000000
1492,0 days 00:02:47.000000000
1493,0 days 00:01:06.000000000
1494,1 days 15:42:04.000000000
1495,4 days 02:30:53.000000000
1496,0 days 00:14:37.000000000
1497,7 days 03:31:03.000000000
1498,7 days 01:57:07.000000000
1499,0 days 00:41:39.000000000
1500,1 days 22:51:23.000000000
1501,0 days 00:13:18.000000000
1502,6 days 19:04:14.000000000
1503,0 days 17:24:50.000000000
1504,0 days 00:38:42.000000000
1505,2 days 17:51:27.000000000
1506,2 days 05:54:54.000000000
1507,8 days 22:27:33.000000000
1508,0 days 03:43:38.000000000
1509,0 days 00:03:33.000000000
1510,0 days 02:29:10.000000000
1511,0 days 00:03:13.000000000
1512,1 days 05:57:54.000000000
1513,5 days 00:42:17.000000000
1514,0 days 00:02:06.000000000
1515,8 days 06:22:38.000000000
1516,0 days 00:09:40.000000000
1517,0 days 00:00:17.000000000
1518,1 days 22:41:31.000000000
1519,1 days 21:19:41.000000000
1520,0 days 00:31:00.000000000
1521,0 days 00:25:18.000000000
1522,0 days 00:50:42.000000000
1523,3 days 00:29:49.000000000
1524,0 days 06:02:50.000000000
1525,0 days 03:53:24.000000000
1526,2 days 21:10:04.000000000
1527,0 days 00:14:59.000000000
1528,0 days 00:12:56.000000000
1529,7 days 08:36:03.000000000
1530,0 days 00:09:08.000000000
1531,1 days 03:20:13.000000000
1532,4 days 08:43:00.000000000
1533,0 days 03:01:31.000000000
1534,0 days 00:00:01.000000000
1535,0 days 01:28:26.000000000
1536,3 days 09:49:40.000000000
1537,0 days 06:01:45.000000000
1538,0 days 00:03:28.000000000
1539,22 days 04:54:02.000000000
1540,0 days 00:42:19.000000000
1541,9 days 18:23:40.000000000
1542,22 days 00:47:29.000000000
1543,3 days 14:16:30.000000000
1544,8 days 14:54:51.000000000
1545,0 days 21:51:22.000000000
1546,8 days 14:59:07.000000000
1547,8 days 16:04:26.000000000
1548,0 days 00:05:00.000000000
1549,0 days 00:10:25.000000000
1550,0 days 00:02:39.000000000
1551,0 days 11:23:09.000000000
1552,1 days 20:28:11.000000000
1553,14 days 10:15:55.000000000
1554,0 days 01:10:22.000000000
1555,7 days 12:33:10.000000000
1556,0 days 14:04:06.000000000
1557,0 days 00:20:00.000000000
1558,0 days 17:55:25.000000000
1559,23 days 16:22:51.000000000
1560,0 days 00:08:17.000000000
1561,0 days 22:59:46.000000000
1562,0 days 00:04:29.000000000
1563,13 days 16:16:59.000000000
1564,0 days 00:26:00.000000000
1565,0 days 00:08:14.000000000
1566,9 days 14:35:28.000000000
1567,21 days 14:17:26.000000000
1568,6 days 22:48:24.000000000
1569,0 days 00:09:50.000000000
1570,0 days 17:31:41.000000000
1571,3 days 22:52:21.000000000
1572,0 days 00:19:57.000000000
1573,0 days 00:06:47.000000000
1574,0 days 00:11:20.000000000
1575,0 days 00:51:25.000000000
1576,0 days 00:16:08.000000000
1577,0 days 00:57:35.000000000
1578,3 days 14:54:59.000000000
1579,0 days 00:07:10.000000000
1580,0 days 00:12:25.000000000
1581,10 days 03:45:36.000000000
1582,0 days 07:08:42.000000000
1584,0 days 14:51:42.000000000
1585,0 days 16:12:31.000000000
1586,2 days 02:34:14.000000000
1587,0 days 00:15:42.000000000
1588,7 days 03:32:03.000000000
1589,0 days 04:07:28.000000000
1590,2 days 05:08:09.000000000
1591,0 days 15:18:23.000000000
1592,2 days 04:56:50.000000000
1593,14 days 01:37:37.000000000
1594,3 days 17:39:00.000000000
1595,0 days 00:54:04.000000000
1596,0 days 22:40:56.000000000
1597,0 days 06:02:29.000000000
1598,4 days 05:37:30.000000000
1599,0 days 22:02:48.000000000
1600,11 days 18:31:05.000000000
1601,0 days 00:04:31.000000000
1602,22 days 04:35:38.000000000
1603,0 days 01:34:09.000000000
1604,13 days 00:11:15.000000000
1605,10 days 06:53:49.000000000
1606,0 days 03:34:11.000000000
1607,0 days 00:01:29.000000000
1608,1 days 00:29:34.000000000
1609,0 days 00:03:14.000000000
1610,0 days 00:46:33.000000000
1611,0 days 00:08:15.000000000
1612,0 days 06:18:15.000000000
1613,0 days 23:51:31.000000000
1614,0 days 00:00:00.000000000
1615,0 days 00:00:34.000000000
1616,7 days 06:05:15.000000000
1617,7 days 22:25:30.000000000
1618,0 days 00:18:18.000000000
1619,0 days 00:20:22.000000000
1620,0 days 00:20:13.000000000
1621,0 days 00:26:07.000000000
1622,0 days 04:52:24.000000000
1623,0 days 06:28:35.000000000
1624,1 days 02:08:31.000000000
1625,0 days 03:18:28.000000000
1626,1 days 22:48:49.000000000
1627,0 days 00:11:35.000000000
1628,0 days 00:33:14.000000000
1629,5 days 04:55:54.000000000
1631,3 days 05:51:11.000000000
1632,0 days 10:04:35.000000000
1633,0 days 01:31:20.000000000
1634,0 days 23:41:28.000000000
1635,0 days 00:04:16.000000000
1636,0 days 09:20:06.000000000
1637,0 days 00:42:36.000000000
1638,12 days 23:04:22.000000000
1639,2 days 12:33:52.000000000
1640,7 days 23:33:13.000000000
1641,0 days 00:28:16.000000000
1642,0 days 00:34:23.000000000
1643,0 days 01:18:39.000000000
1644,3 days 22:43:59.000000000
1645,0 days 00:05:08.000000000
1646,0 days 00:26:28.000000000
1647,0 days 00:42:29.000000000
1648,0 days 02:21:37.000000000
1649,23 days 23:13:17.000000000
1650,0 days 23:30:51.000000000
1651,16 days 02:28:36.000000000
1652,0 days 00:38:53.000000000
1653,4 days 02:52:59.000000000
1654,5 days 10:27:11.000000000
1655,0 days 00:26:04.000000000
1656,0 days 01:35:06.000000000
1657,2 days 10:47:16.000000000
1658,0 days 02:44:27.000000000
1659,8 days 13:19:08.000000000
1660,0 days 00:01:38.000000000
1661,10 days 09:33:46.000000000
1662,7 days 12:07:19.000000000
1663,6 days 21:00:25.000000000
1664,0 days 16:54:26.000000000
1665,2 days 14:49:44.000000000
1666,2 days 08:09:28.000000000
1667,1 days 10:01:19.000000000
1668,18 days 06:38:09.000000000
1669,3 days 00:30:34.000000000
1670,1 days 23:04:06.000000000
1671,0 days 00:29:53.000000000
1672,4 days 02:01:56.000000000
1673,0 days 00:23:06.000000000
1674,0 days 00:12:03.000000000
1675,0 days 18:39:45.000000000
1676,0 days 00:11:44.000000000
1677,5 days 00:43:10.000000000
1678,3 days 00:52:19.000000000
1679,0 days 01:00:50.000000000
1680,0 days 00:45:29.000000000
1681,3 days 12:13:48.000000000
1682,0 days 00:08:10.000000000
1683,3 days 21:30:19.000000000
1684,2 days 12:13:45.000000000
1685,0 days 01:41:47.000000000
1686,0 days 00:56:10.000000000
1687,7 days 22:25:42.000000000
1688,0 days 01:00:27.000000000
1689,0 days 00:01:21.000000000
1690,0 days 00:17:12.000000000
1691,0 days 20:31:00.000000000
1692,0 days 02:57:31.000000000
1693,2 days 00:09:06.000000000
1694,0 days 15:25:24.000000000
1695,24 days 13:31:54.000000000
1696,10 days 03:11:37.000000000
1697,0 days 00:08:14.000000000
1698,3 days 00:47:38.000000000
1699,0 days 15:58:30.000000000
1700,1 days 02:04:43.000000000
1701,1 days 20:51:12.000000000
1702,5 days 13:58:38.000000000
1703,2 days 04:08:42.000000000
1704,6 days 04:08:44.000000000
1705,1 days 22:21:22.000000000
1706,5 days 16:39:21.000000000
1707,0 days 02:58:38.000000000
1708,0 days 00:36:23.000000000
1709,0 days 00:18:38.000000000
1710,0 days 00:13:03.000000000
1711,0 days 05:25:51.000000000
1712,3 days 06:04:39.000000000
1713,1 days 22:37:41.000000000
1714,3 days 23:18:54.000000000
1715,6 days 00:11:31.000000000
1716,11 days 17:19:07.000000000
1717,0 days 15:30:51.000000000
1718,25 days 00:30:39.000000000
1719,0 days 00:04:20.000000000
1720,0 days 00:46:50.000000000
1721,6 days 02:48:23.000000000
1722,1 days 16:42:14.000000000
1723,9 days 00:38:12.000000000
1724,7 days 04:16:08.000000000
1725,0 days 15:13:55.000000000
1726,1 days 08:50:57.000000000
1727,1 days 23:51:15.000000000
1728,0 days 00:03:12.000000000
1729,0 days 00:04:30.000000000
1730,16 days 10:28:43.000000000
1731,0 days 00:17:51.000000000
1732,3 days 02:12:02.000000000
1733,0 days 17:43:29.000000000
1734,9 days 03:53:41.000000000
1735,1 days 07:45:32.000000000
1736,14 days 03:28:09.000000000
1737,4 days 19:35:30.000000000
1738,3 days 11:21:49.000000000
1739,0 days 08:12:07.000000000
1740,0 days 00:11:51.000000000
1741,0 days 00:00:32.000000000
1742,1 days 23:24:52.000000000
1743,0 days 23:21:35.000000000
1744,8 days 09:31:41.000000000
1745,0 days 00:12:12.000000000
1746,9 days 22:22:42.000000000
1747,0 days 07:36:22.000000000
1748,0 days 00:14:16.000000000
1749,0 days 00:14:45.000000000
1750,24 days 20:47:21.000000000
1751,11 days 22:45:30.000000000
1752,4 days 06:02:42.000000000
1753,2 days 08:26:56.000000000
1754,0 days 05:37:28.000000000
1755,0 days 04:44:19.000000000
1756,0 days 07:56:12.000000000
1757,0 days 00:05:26.000000000
1758,12 days 06:32:41.000000000
1759,1 days 22:00:28.000000000
1760,1 days 04:25:26.000000000
1761,0 days 08:15:40.000000000
1762,24 days 23:33:34.000000000
1763,0 days 01:53:11.000000000
1764,0 days 01:55:27.000000000
1765,23 days 07:50:03.000000000
1766,25 days 09:02:03.000000000
1767,1 days 23:37:17.000000000
1768,0 days 01:01:19.000000000
1769,0 days 00:10:03.000000000
1770,19 days 07:06:09.000000000
1771,12 days 08:31:44.000000000
1772,0 days 00:05:59.000000000
1773,20 days 03:08:33.000000000
1774,0 days 15:04:17.000000000
1775,0 days 00:08:36.000000000
1776,0 days 00:09:08.000000000
1777,0 days 00:05:34.000000000
1778,24 days 00:48:22.000000000
1779,0 days 10:15:41.000000000
1780,0 days 00:03:01.000000000
1781,10 days 07:50:59.000000000
1782,0 days 00:30:46.000000000
1783,1 days 04:07:26.000000000
1784,1 days 15:11:22.000000000
1785,0 days 00:06:21.000000000
1786,0 days 00:23:45.000000000
1787,0 days 15:26:00.000000000
1788,0 days 00:00:00.000000000
1789,0 days 00:21:52.000000000
1790,4 days 22:47:57.000000000
1791,0 days 10:55:45.000000000
1792,2 days 12:49:38.000000000
1793,1 days 10:44:09.000000000
1794,0 days 02:23:30.000000000
1795,11 days 16:10:19.000000000
1796,0 days 00:00:41.000000000
1797,1 days 21:49:19.000000000
1798,0 days 00:16:16.000000000
1799,0 days 09:01:05.000000000
1800,0 days 00:05:29.000000000
1801,2 days 18:44:53.000000000
1802,0 days 11:14:11.000000000
1803,0 days 00:10:10.000000000
1804,0 days 00:15:08.000000000
1805,17 days 19:50:21.000000000
1806,1 days 14:05:08.000000000
1807,1 days 20:57:26.000000000
1808,1 days 12:10:50.000000000
1809,0 days 12:21:17.000000000
1810,0 days 12:53:11.000000000
1811,0 days 01:51:12.000000000
1812,0 days 00:19:22.000000000
1813,5 days 00:28:25.000000000
1814,0 days 14:37:55.000000000
1815,0 days 00:22:31.000000000
1816,0 days 00:25:18.000000000
1817,1 days 23:21:58.000000000
1818,1 days 00:30:33.000000000
1819,0 days 13:41:57.000000000
1820,4 days 00:12:57.000000000
1821,0 days 00:23:57.000000000
1822,0 days 16:54:28.000000000
1823,4 days 01:48:28.000000000
1824,0 days 00:17:51.000000000
1825,0 days 00:09:02.000000000
1826,0 days 00:02:06.000000000
1827,0 days 00:00:31.000000000
1828,0 days 00:01:47.000000000
1829,0 days 00:06:20.000000000
1830,0 days 03:26:37.000000000
1831,0 days 00:49:12.000000000
1832,0 days 00:23:03.000000000
1833,13 days 01:24:11.000000000
1834,0 days 00:32:15.000000000
1835,7 days 01:56:04.000000000
1836,0 days 00:27:29.000000000
1837,1 days 19:02:08.000000000
1838,0 days 16:58:59.000000000
1839,0 days 00:34:38.000000000
1840,1 days 08:23:21.000000000
1841,0 days 00:15:37.000000000
1842,7 days 04:48:17.000000000
1843,0 days 00:07:45.000000000
1844,0 days 02:42:45.000000000
1845,9 days 21:01:46.000000000
1846,0 days 00:00:00.000000000
1847,0 days 03:05:51.000000000
1848,0 days 02:53:41.000000000
1849,4 days 23:13:02.000000000
1850,10 days 18:44:38.000000000
1851,0 days 00:06:04.000000000
1852,17 days 15:40:56.000000000
1853,8 days 04:40:40.000000000
1854,0 days 00:00:00.000000000
1855,0 days 00:08:21.000000000
1856,0 days 00:11:50.000000000
1857,0 days 00:08:01.000000000
1858,0 days 00:10:09.000000000
1859,3 days 20:57:51.000000000
1860,0 days 03:31:02.000000000
1861,10 days 02:46:44.000000000
1862,1 days 01:41:10.000000000
1863,0 days 00:09:12.000000000
1864,0 days 00:05:47.000000000
1865,0 days 08:46:39.000000000
1866,0 days 00:35:27.000000000
1867,0 days 09:40:29.000000000
1868,0 days 00:20:45.000000000
1869,4 days 21:41:02.000000000
1870,0 days 00:13:44.000000000
1871,0 days 22:19:09.000000000
1872,0 days 00:16:28.000000000
1873,0 days 00:25:07.000000000
1874,0 days 00:28:48.000000000
1875,1 days 01:19:56.000000000
1876,0 days 00:31:40.000000000
1877,1 days 08:20:52.000000000
1878,0 days 00:23:06.000000000
1879,0 days 04:41:44.000000000
1880,0 days 00:47:08.000000000
1881,1 days 00:06:26.000000000
1882,0 days 00:00:00.000000000
1883,3 days 00:35:29.000000000
1884,2 days 23:55:06.000000000
1885,4 days 23:41:23.000000000
1886,3 days 12:41:21.000000000
1887,6 days 09:01:33.000000000
1888,0 days 01:23:02.000000000
1889,0 days 00:07:18.000000000
1890,0 days 00:24:45.000000000
1891,8 days 23:57:51.000000000
1892,0 days 22:48:22.000000000
1893,0 days 00:07:35.000000000
1894,23 days 15:19:46.000000000
1895,0 days 01:20:49.000000000
1896,0 days 00:36:06.000000000
1897,10 days 23:36:21.000000000
1898,0 days 11:16:46.000000000
1899,1 days 21:46:11.000000000
1900,0 days 00:29:03.000000000
1901,0 days 01:00:26.000000000
1902,0 days 19:27:41.000000000
1903,14 days 00:15:47.000000000
1904,0 days 00:33:02.000000000
1905,4 days 23:38:25.000000000
1906,1 days 10:56:56.000000000
1907,0 days 18:52:54.000000000
1908,0 days 00:33:12.000000000
1909,0 days 13:02:44.000000000
1910,0 days 22:57:12.000000000
1911,0 days 00:05:39.000000000
1912,5 days 23:42:22.000000000
1913,0 days 00:03:50.000000000
1914,0 days 00:09:39.000000000
1915,0 days 00:16:24.000000000
1916,0 days 00:03:24.000000000
1917,0 days 00:05:19.000000000
1918,0 days 11:54:17.000000000
1919,0 days 18:50:08.000000000
1920,5 days 18:13:39.000000000
1921,0 days 00:46:17.000000000
1922,16 days 01:42:23.000000000
1923,1 days 14:46:13.000000000
1924,0 days 01:49:53.000000000
1925,24 days 17:17:29.000000000
1926,3 days 19:44:16.000000000
1927,0 days 20:36:10.000000000
1928,12 days 02:14:06.000000000
1929,0 days 01:03:02.000000000
1930,0 days 01:02:07.000000000
1931,0 days 00:01:22.000000000
1932,2 days 17:17:31.000000000
1933,11 days 20:22:01.000000000
1934,1 days 15:18:18.000000000
1935,0 days 00:17:20.000000000
1936,11 days 21:15:38.000000000
1937,0 days 00:08:47.000000000
1938,4 days 17:08:36.000000000
1939,0 days 00:06:58.000000000
1940,0 days 14:06:52.000000000
1941,7 days 18:52:54.000000000
1942,0 days 00:16:28.000000000
1943,0 days 00:20:20.000000000
1944,1 days 22:55:18.000000000
1945,0 days 00:07:30.000000000
1946,0 days 00:03:11.000000000
1947,1 days 03:53:10.000000000
1948,0 days 00:19:29.000000000
1949,0 days 04:52:12.000000000
1950,0 days 04:49:47.000000000
1951,0 days 00:13:14.000000000
1952,0 days 00:17:58.000000000
1953,10 days 20:56:50.000000000
1954,8 days 17:33:45.000000000
1955,0 days 20:14:23.000000000
1956,0 days 00:32:49.000000000
1957,0 days 00:02:19.000000000
1958,1 days 01:46:13.000000000
1959,22 days 10:54:22.000000000
1960,23 days 05:59:29.000000000
1961,1 days 05:12:44.000000000
1962,0 days 00:23:37.000000000
1963,2 days 18:40:58.000000000
1964,0 days 06:18:26.000000000
1965,13 days 07:13:10.000000000
1966,17 days 22:25:51.000000000
1967,0 days 00:19:31.000000000
1968,5 days 20:20:56.000000000
1969,6 days 23:00:06.000000000
1970,3 days 20:58:10.000000000
1971,0 days 00:05:29.000000000
1972,17 days 04:14:07.000000000
1973,0 days 01:03:08.000000000
1974,0 days 00:07:39.000000000
1975,0 days 22:51:06.000000000
1976,0 days 00:21:46.000000000
1977,0 days 00:02:10.000000000
1978,6 days 22:34:03.000000000
1979,3 days 13:56:01.000000000
1980,3 days 09:29:57.000000000
1981,12 days 07:52:52.000000000
1982,0 days 21:55:03.000000000
1983,0 days 00:06:51.000000000
1984,0 days 00:10:27.000000000
1985,0 days 00:01:41.000000000
1986,0 days 00:11:14.000000000
1987,0 days 00:16:17.000000000
1988,0 days 23:57:31.000000000
1989,1 days 11:19:52.000000000
1990,17 days 12:19:33.000000000
1991,3 days 00:12:10.000000000
1992,3 days 21:59:59.000000000
1993,12 days 03:06:38.000000000
1994,0 days 23:33:55.000000000
1995,0 days 04:20:21.000000000
1996,11 days 00:41:29.000000000
1997,15 days 07:34:04.000000000
1998,0 days 00:25:20.000000000
1999,5 days 06:06:00.000000000
2000,20 days 01:11:38.000000000
2001,3 days 06:41:15.000000000
2002,1 days 09:05:01.000000000
2003,1 days 09:58:51.000000000
2004,23 days 19:51:38.000000000
2005,3 days 07:36:57.000000000
2006,0 days 15:23:44.000000000
2007,2 days 12:59:54.000000000
2008,0 days 09:55:51.000000000
2009,0 days 00:00:33.000000000
2010,26 days 22:29:21.000000000
2011,1 days 01:24:05.000000000
2012,6 days 17:49:19.000000000
2013,17 days 09:03:20.000000000
2014,0 days 12:05:23.000000000
2015,1 days 10:58:38.000000000
2016,24 days 20:48:36.000000000
2017,0 days 01:29:50.000000000
2018,5 days 17:33:16.000000000
2019,7 days 00:23:28.000000000
2020,9 days 20:11:15.000000000
2021,4 days 01:28:27.000000000
2022,0 days 17:03:57.000000000
2023,0 days 14:28:19.000000000
2024,0 days 10:36:24.000000000
2025,26 days 13:56:17.000000000
2026,0 days 12:24:27.000000000
2027,0 days 00:12:29.000000000
2028,6 days 23:09:10.000000000
2029,2 days 11:29:14.000000000
2030,0 days 00:36:50.000000000
2031,19 days 11:08:54.000000000
2032,5 days 16:05:29.000000000
2033,0 days 00:10:43.000000000
2034,15 days 13:21:44.000000000
2035,0 days 00:51:56.000000000
2036,5 days 15:32:30.000000000
2037,0 days 00:10:45.000000000
2038,0 days 00:41:15.000000000
2039,2 days 19:51:49.000000000
2040,14 days 14:27:08.000000000
2041,0 days 00:08:42.000000000
2042,3 days 02:14:13.000000000
2043,1 days 13:35:16.000000000
2044,2 days 22:08:25.000000000
2045,11 days 00:34:13.000000000
2046,0 days 00:15:57.000000000
2047,2 days 15:26:26.000000000
2048,0 days 23:23:41.000000000
2049,0 days 04:12:37.000000000
2050,0 days 00:02:47.000000000
2051,0 days 00:25:03.000000000
2052,5 days 00:12:31.000000000
2053,4 days 02:28:45.000000000
2054,5 days 15:04:39.000000000
2055,6 days 00:55:48.000000000
2056,0 days 17:23:21.000000000
2057,6 days 14:19:37.000000000
2058,1 days 02:16:18.000000000
2059,15 days 02:38:28.000000000
2060,0 days 00:08:26.000000000
2061,0 days 04:15:56.000000000
2062,0 days 00:11:45.000000000
2063,0 days 16:32:14.000000000
2064,7 days 15:55:46.000000000
2065,0 days 17:51:03.000000000
2066,1 days 04:23:37.000000000
2067,10 days 22:11:46.000000000
2068,0 days 16:26:09.000000000
2069,12 days 01:30:04.000000000
2070,1 days 16:05:44.000000000
2071,0 days 09:01:55.000000000
2072,3 days 23:00:50.000000000
2073,0 days 04:52:24.000000000
2074,0 days 00:28:22.000000000
2075,13 days 00:44:46.000000000
2076,2 days 00:37:02.000000000
2077,10 days 18:09:26.000000000
2078,0 days 05:15:58.000000000
2079,0 days 00:30:42.000000000
2080,0 days 00:37:08.000000000
2081,0 days 00:22:50.000000000
2082,0 days 00:05:38.000000000
2083,0 days 20:34:03.000000000
2084,0 days 00:04:25.000000000
2085,28 days 03:51:49.000000000
2086,5 days 22:31:41.000000000
2087,0 days 00:06:56.000000000
2088,0 days 00:36:22.000000000
2089,0 days 23:01:31.000000000
2090,10 days 08:46:51.000000000
2091,2 days 02:17:42.000000000
2092,6 days 05:27:30.000000000
2093,0 days 01:34:50.000000000
2094,0 days 09:41:06.000000000
2095,0 days 22:40:29.000000000
2096,0 days 23:31:28.000000000
2097,4 days 00:10:06.000000000
2098,27 days 09:10:48.000000000
2099,0 days 06:07:49.000000000
2100,0 days 11:39:42.000000000
2101,0 days 00:17:42.000000000
2102,15 days 22:40:21.000000000
2103,0 days 10:08:42.000000000
2104,7 days 23:11:35.000000000
2105,2 days 05:06:30.000000000
2106,0 days 00:01:48.000000000
2107,0 days 00:40:50.000000000
2108,27 days 00:04:47.000000000
2109,0 days 00:06:17.000000000
2110,0 days 00:44:39.000000000
2111,1 days 23:56:22.000000000
2112,1 days 05:15:10.000000000
2113,3 days 07:42:31.000000000
2114,0 days 05:46:26.000000000
2115,0 days 00:07:24.000000000
2116,0 days 22:37:07.000000000
2117,0 days 07:41:56.000000000
2118,1 days 02:08:49.000000000
2119,8 days 23:37:49.000000000
2120,5 days 03:23:57.000000000
